pulsaciones, gsr, temperatura
76.2982177734375,38.10345458984375,31.96999931335449,0
76.29798126220703,38.10345458984375,31.96999931335449,0
76.29798126220703,38.10345458984375,31.96999931335449,0
76.29798126220703,38.10345458984375,31.96999931335449,0
76.29798126220703,38.10345458984375,31.96999931335449,0
76.29798126220703,38.39632034301758,31.96999931335449,0
76.2979507446289,38.39632034301758,31.96999931335449,0
76.2979507446289,38.39632034301758,31.96999931335449,0
76.2979507446289,38.39632034301758,31.96999931335449,0
76.2979507446289,38.39632034301758,31.96999931335449,0
76.2979507446289,38.39632034301758,31.96999931335449,0
76.2979507446289,38.39632034301758,31.96999931335449,0
76.2979507446289,38.39632034301758,31.96999931335449,0
76.2979507446289,38.60898208618164,31.989999771118164,0
76.2979507446289,38.60898208618164,31.989999771118164,0
76.2979507446289,38.60898208618164,31.989999771118164,0
76.2979507446289,38.60898208618164,31.989999771118164,0
76.2979507446289,38.60898208618164,31.989999771118164,0
76.2979507446289,38.60898208618164,31.989999771118164,0
76.2979507446289,38.60898208618164,31.989999771118164,0
76.36072540283203,38.97902297973633,31.989999771118164,0
76.36072540283203,38.97902297973633,31.989999771118164,0
76.36072540283203,38.97902297973633,31.989999771118164,0
76.36072540283203,38.97902297973633,32.029998779296875,0
76.36072540283203,38.97902297973633,32.029998779296875,0
76.36856842041016,38.97902297973633,32.029998779296875,0
76.36856842041016,38.97902297973633,32.029998779296875,0
76.36856842041016,39.07894515991211,32.029998779296875,0
77.54855346679688,39.07894515991211,32.029998779296875,0
77.54855346679688,39.07894515991211,32.029998779296875,0
77.54855346679688,39.07894515991211,32.029998779296875,0
77.54855346679688,39.07894515991211,32.029998779296875,0
77.54855346679688,39.07894515991211,32.029998779296875,0
76.117919921875,39.07894515991211,32.029998779296875,0
76.117919921875,39.40050888061523,32.029998779296875,0
76.117919921875,39.40050888061523,32.029998779296875,0
76.117919921875,39.40050888061523,32.029998779296875,0
76.117919921875,39.40050888061523,32.029998779296875,0
76.12659454345703,39.40050888061523,32.029998779296875,0
76.12659454345703,39.40050888061523,32.029998779296875,0
76.12659454345703,39.40050888061523,32.029998779296875,0
76.12659454345703,39.40050888061523,32.029998779296875,0
76.12659454345703,39.57474136352539,32.049999237060554,0
76.12659454345703,39.57474136352539,32.049999237060554,0
76.12659454345703,39.57474136352539,32.049999237060554,0
76.12659454345703,39.57474136352539,32.049999237060554,0
76.12659454345703,39.57474136352539,32.049999237060554,0
75.99832916259766,39.57474136352539,32.049999237060554,0
75.99832916259766,39.57474136352539,32.049999237060554,0
75.99832916259766,39.592674255371094,32.049999237060554,0
75.99832916259766,39.592674255371094,32.049999237060554,0
75.99832916259766,39.592674255371094,32.029998779296875,0
75.55543518066406,39.592674255371094,32.029998779296875,0
75.55543518066406,39.592674255371094,32.029998779296875,0
75.55543518066406,39.592674255371094,32.029998779296875,0
75.55543518066406,39.592674255371094,32.029998779296875,0
75.46961212158203,39.86460876464844,32.029998779296875,0
75.46961212158203,39.86460876464844,32.029998779296875,0
75.46961212158203,39.86460876464844,32.029998779296875,0
75.46961212158203,39.86460876464844,32.029998779296875,0
75.46961212158203,39.86460876464844,32.029998779296875,0
75.18626403808594,39.86460876464844,32.06999969482422,0
75.18626403808594,39.86460876464844,32.06999969482422,0
75.18626403808594,39.99399948120117,32.06999969482422,0
75.18626403808594,39.99399948120117,32.06999969482422,0
75.18626403808594,39.99399948120117,32.06999969482422,0
74.36470031738281,39.99399948120117,32.06999969482422,0
74.36470031738281,39.99399948120117,32.06999969482422,0
74.36470031738281,39.99399948120117,32.06999969482422,0
74.36470031738281,39.99399948120117,32.06999969482422,0
74.36470031738281,39.99399948120117,32.06999969482422,0
74.36470031738281,40.07086563110352,32.09000015258789,0
74.36470031738281,40.07086563110352,32.09000015258789,0
74.36470031738281,40.07086563110352,32.09000015258789,0
74.36470031738281,40.07086563110352,32.09000015258789,0
74.23027038574219,40.07086563110352,32.09000015258789,0
74.23027038574219,40.07086563110352,32.09000015258789,0
74.23027038574219,40.32648849487305,32.09000015258789,0
74.23027038574219,40.32648849487305,32.09000015258789,0
74.21347045898438,40.32648849487305,32.09000015258789,0
74.21347045898438,40.32648849487305,32.110000610351555,0
74.21347045898438,40.32648849487305,32.110000610351555,0
74.21347045898438,40.32648849487305,32.110000610351555,0
74.21347045898438,40.32648849487305,32.110000610351555,0
74.24440002441406,40.36363983154297,32.110000610351555,0
74.24440002441406,40.36363983154297,32.110000610351555,0
74.24440002441406,40.36363983154297,32.110000610351555,0
74.24440002441406,40.36363983154297,32.110000610351555,0
74.24440002441406,40.36363983154297,32.110000610351555,0
75.33580017089844,40.36363983154297,32.110000610351555,0
75.33580017089844,40.36363983154297,32.110000610351555,0
75.33580017089844,40.36363983154297,32.110000610351555,0
75.33580017089844,40.40207290649414,32.110000610351555,0
75.5129165649414,40.40207290649414,32.110000610351555,0
75.5129165649414,40.40207290649414,32.110000610351555,0
75.5129165649414,40.40207290649414,32.110000610351555,0
75.5129165649414,40.40207290649414,32.110000610351555,0
75.5129165649414,40.40207290649414,32.110000610351555,0
75.5129165649414,40.40207290649414,32.110000610351555,0
75.5129165649414,40.6172981262207,32.110000610351555,0
75.5129165649414,40.6172981262207,32.110000610351555,0
75.5129165649414,40.6172981262207,32.110000610351555,0
75.56343841552734,40.6172981262207,32.110000610351555,0
75.56343841552734,40.6172981262207,32.110000610351555,0
75.56343841552734,40.6172981262207,32.110000610351555,0
75.56343841552734,40.6172981262207,32.110000610351555,0
75.56343841552734,40.79590225219727,32.110000610351555,0
75.56974792480469,40.79590225219727,32.110000610351555,0
75.56974792480469,40.79590225219727,32.110000610351555,0
75.56974792480469,40.79590225219727,32.150001525878906,0
75.56974792480469,40.79590225219727,32.150001525878906,0
75.5776138305664,40.79590225219727,32.150001525878906,0
75.5776138305664,40.79590225219727,32.150001525878906,0
75.5776138305664,40.847145080566406,32.150001525878906,0
75.5776138305664,40.847145080566406,32.150001525878906,0
75.5776138305664,40.847145080566406,32.150001525878906,0
75.58928680419922,40.847145080566406,32.150001525878906,0
75.58928680419922,40.847145080566406,32.150001525878906,0
75.58928680419922,40.847145080566406,32.150001525878906,0
75.58928680419922,40.847145080566406,32.150001525878906,0
75.58928680419922,40.847145080566406,32.150001525878906,0
75.59074401855469,40.876609802246094,32.150001525878906,0
75.59074401855469,40.876609802246094,32.150001525878906,0
75.59074401855469,40.876609802246094,32.150001525878906,0
75.59074401855469,40.876609802246094,32.150001525878906,0
75.59074401855469,40.876609802246094,32.150001525878906,0
75.59074401855469,40.876609802246094,32.150001525878906,0
75.59074401855469,40.93682098388672,32.150001525878906,0
75.59074401855469,40.93682098388672,32.150001525878906,0
75.59092712402344,40.93682098388672,32.150001525878906,0
75.59092712402344,40.93682098388672,32.150001525878906,0
75.59092712402344,40.93682098388672,32.150001525878906,0
75.59092712402344,40.93682098388672,32.150001525878906,0
75.59092712402344,40.93682098388672,32.150001525878906,0
75.6021728515625,40.93682098388672,32.150001525878906,0
75.6021728515625,40.97397232055664,32.150001525878906,0
75.6021728515625,40.97397232055664,32.150001525878906,0
75.6021728515625,40.97397232055664,32.150001525878906,0
75.6021728515625,40.97397232055664,32.169998168945305,0
76.4739990234375,40.97397232055664,32.169998168945305,0
76.4739990234375,40.97397232055664,32.169998168945305,0
76.4739990234375,40.97397232055664,32.169998168945305,0
76.59205627441406,41.412193298339844,32.169998168945305,0
76.59205627441406,41.412193298339844,32.169998168945305,0
76.59205627441406,41.412193298339844,32.169998168945305,0
76.59205627441406,41.412193298339844,32.169998168945305,0
76.59205627441406,41.412193298339844,32.169998168945305,0
76.59205627441406,41.412193298339844,32.169998168945305,0
76.61573791503906,41.412193298339844,32.209999084472656,0
76.61573791503906,41.40322494506836,32.209999084472656,0
76.61573791503906,41.40322494506836,32.209999084472656,0
76.61573791503906,41.40322494506836,32.209999084472656,0
76.61573791503906,41.40322494506836,32.209999084472656,0
76.61573791503906,41.40322494506836,32.209999084472656,0
76.61573791503906,41.40322494506836,32.209999084472656,0
76.61573791503906,41.40322494506836,32.209999084472656,0
76.64496612548828,41.4339714050293,32.209999084472656,0
76.64496612548828,41.4339714050293,32.209999084472656,0
76.64496612548828,41.4339714050293,32.209999084472656,0
76.64496612548828,41.4339714050293,32.209999084472656,0
76.68107604980469,41.4339714050293,32.209999084472656,0
76.68107604980469,41.4339714050293,32.209999084472656,0
76.68107604980469,41.4339714050293,32.209999084472656,0
76.68107604980469,41.521087646484375,32.209999084472656,0
76.68107604980469,41.521087646484375,32.209999084472656,0
76.68107604980469,41.521087646484375,32.209999084472656,0
76.70729064941406,41.521087646484375,32.209999084472656,0
76.70729064941406,41.521087646484375,32.209999084472656,0
76.70729064941406,41.521087646484375,32.209999084472656,0
76.70729064941406,41.521087646484375,32.209999084472656,0
76.70729064941406,41.521087646484375,32.209999084472656,0
76.71056365966797,41.45831298828125,32.209999084472656,0
76.71056365966797,41.45831298828125,32.209999084472656,0
76.71056365966797,41.45831298828125,32.209999084472656,0
76.71056365966797,41.45831298828125,32.209999084472656,0
76.71097564697266,41.45831298828125,32.25,0
76.71097564697266,41.45831298828125,32.25,0
76.71097564697266,41.58258056640625,32.25,0
76.71097564697266,41.58258056640625,32.25,0
76.71097564697266,41.58258056640625,32.25,0
76.71097564697266,41.58258056640625,32.25,0
76.71097564697266,41.58258056640625,32.25,0
76.71097564697266,41.58258056640625,32.25,0
76.71097564697266,41.58258056640625,32.25,0
76.66950988769531,41.76991271972656,32.25,0
76.66950988769531,41.76991271972656,32.25,0
76.66950988769531,41.76991271972656,32.25,0
76.62615203857422,41.76991271972656,32.25,0
76.62615203857422,41.76991271972656,32.25,0
76.62615203857422,41.76991271972656,32.25,0
76.62615203857422,41.76991271972656,32.25,0
76.62615203857422,41.76991271972656,32.25,0
76.62615203857422,41.89802551269531,32.25,0
76.57288360595703,41.89802551269531,32.25,0
76.57288360595703,41.89802551269531,32.25,0
76.57288360595703,41.89802551269531,32.25,0
76.57288360595703,41.89802551269531,32.25,0
76.57288360595703,41.89802551269531,32.25,0
76.54440307617188,41.89802551269531,32.25,0
76.54440307617188,41.98001480102539,32.25,0
76.54440307617188,41.98001480102539,32.25,0
75.58270263671875,41.98001480102539,32.25,0
75.58270263671875,41.98001480102539,32.25,0
75.58270263671875,41.98001480102539,32.25,0
75.58270263671875,41.98001480102539,32.25,0
75.58270263671875,41.98001480102539,32.25,0
75.58270263671875,41.99666976928711,32.25,0
75.58270263671875,41.99666976928711,32.25,0
75.58270263671875,41.99666976928711,32.25,0
75.58270263671875,41.99666976928711,32.25,0
75.58270263671875,41.99666976928711,32.25,0
74.87216186523438,41.99666976928711,32.25,0
74.87216186523438,41.99666976928711,32.25,0
74.87216186523438,42.0696907043457,32.25,0
74.87216186523438,42.0696907043457,32.290000915527344,0
74.87216186523438,42.0696907043457,32.290000915527344,0
74.20187377929688,42.0696907043457,32.290000915527344,0
74.20187377929688,42.0696907043457,32.290000915527344,0
74.20187377929688,42.0696907043457,32.290000915527344,0
74.20187377929688,42.0696907043457,32.290000915527344,0
74.20187377929688,42.0696907043457,32.290000915527344,0
74.09010314941406,42.06200408935547,32.290000915527344,0
74.09010314941406,42.06200408935547,32.290000915527344,0
74.09010314941406,42.06200408935547,32.290000915527344,0
74.09010314941406,42.06200408935547,32.290000915527344,0
73.63423919677734,42.06200408935547,32.290000915527344,0
73.63423919677734,42.06200408935547,32.290000915527344,0
73.63423919677734,42.07865905761719,32.290000915527344,0
73.63423919677734,42.07865905761719,32.290000915527344,0
75.08560943603516,42.07865905761719,32.290000915527344,0
75.08560943603516,42.07865905761719,32.290000915527344,0
75.08560943603516,42.07865905761719,32.290000915527344,0
75.08560943603516,42.07865905761719,32.290000915527344,0
75.08560943603516,42.07865905761719,32.310001373291016,0
75.08560943603516,42.34442901611328,32.310001373291016,0
75.08560943603516,42.34442901611328,32.310001373291016,0
75.08560943603516,42.34442901611328,32.310001373291016,0
75.08560943603516,42.34442901611328,32.310001373291016,0
75.00950622558594,42.34442901611328,32.310001373291016,0
75.00950622558594,42.34442901611328,32.310001373291016,0
75.00950622558594,42.34442901611328,32.310001373291016,0
75.00950622558594,42.34442901611328,32.310001373291016,0
75.00950622558594,42.425140380859375,32.310001373291016,0
74.99999237060547,42.425140380859375,32.310001373291016,0
74.99999237060547,42.425140380859375,32.310001373291016,0
74.99999237060547,42.425140380859375,32.310001373291016,0
74.99999237060547,42.425140380859375,32.310001373291016,0
74.99999237060547,42.425140380859375,32.310001373291016,0
73.8738021850586,42.425140380859375,32.310001373291016,0
73.8738021850586,42.45332336425781,32.310001373291016,0
73.8738021850586,42.45332336425781,32.310001373291016,0
73.88523864746094,42.45332336425781,32.310001373291016,0
73.88523864746094,42.45332336425781,32.34999847412109,0
73.88523864746094,42.45332336425781,32.34999847412109,0
73.88523864746094,42.45332336425781,32.34999847412109,0
73.88523864746094,42.45332336425781,32.34999847412109,0
73.9001693725586,42.58015441894531,32.34999847412109,0
73.9001693725586,42.58015441894531,32.34999847412109,0
73.9001693725586,42.58015441894531,32.34999847412109,0
73.9001693725586,42.58015441894531,32.34999847412109,0
73.9001693725586,42.58015441894531,32.34999847412109,0
73.9001693725586,42.58015441894531,32.34999847412109,0
73.9001693725586,42.58015441894531,32.34999847412109,0
73.9001693725586,42.52250289916992,32.34999847412109,0
73.9001693725586,42.52250289916992,32.34999847412109,0
73.9213638305664,42.52250289916992,32.34999847412109,0
73.9213638305664,42.52250289916992,32.34999847412109,0
73.9213638305664,42.52250289916992,32.34999847412109,0
73.9213638305664,42.52250289916992,32.34999847412109,0
73.9213638305664,42.52250289916992,32.34999847412109,0
73.94833374023438,42.52250289916992,32.34999847412109,0
73.94833374023438,42.52122116088867,32.36999893188477,0
73.94833374023438,42.52122116088867,32.36999893188477,0
73.94833374023438,42.52122116088867,32.36999893188477,0
73.94833374023438,42.52122116088867,32.36999893188477,0
73.984375,42.52122116088867,32.36999893188477,0
73.984375,42.52122116088867,32.36999893188477,0
73.984375,42.93445587158203,32.36999893188477,0
73.984375,42.93445587158203,32.36999893188477,0
74.97863006591797,42.93445587158203,32.36999893188477,0
74.97863006591797,42.93445587158203,32.36999893188477,0
74.97863006591797,42.93445587158203,32.36999893188477,0
74.97863006591797,42.93445587158203,32.36999893188477,0
75.17829895019531,42.93445587158203,32.36999893188477,0
75.17829895019531,42.93445587158203,32.36999893188477,0
75.17829895019531,42.93573760986328,32.36999893188477,0
75.17829895019531,42.93573760986328,32.36999893188477,0
75.17829895019531,42.93573760986328,32.36999893188477,0
75.17829895019531,42.93573760986328,32.36999893188477,0
75.17829895019531,42.93573760986328,32.36999893188477,0
75.17829895019531,42.93573760986328,32.36999893188477,0
75.17829895019531,42.93573760986328,32.36999893188477,0
75.17829895019531,43.04463195800781,32.36999893188477,0
76.33885955810547,43.04463195800781,32.36999893188477,0
76.33885955810547,43.04463195800781,32.36999893188477,0
76.33885955810547,43.04463195800781,32.36999893188477,0
76.33885955810547,43.04463195800781,32.36999893188477,0
76.57418060302734,43.04463195800781,32.36999893188477,0
76.57418060302734,43.04463195800781,32.36999893188477,0
76.57418060302734,43.02669525146485,32.36999893188477,0
76.57418060302734,43.02669525146485,32.40999984741211,0
77.0946273803711,43.02669525146485,32.40999984741211,0
77.0946273803711,43.02669525146485,32.40999984741211,0
77.0946273803711,43.02669525146485,32.40999984741211,0
77.0946273803711,43.02669525146485,32.40999984741211,0
77.0946273803711,43.02669525146485,32.40999984741211,0
77.49495697021484,43.0536003112793,32.40999984741211,0
77.49495697021484,43.0536003112793,32.40999984741211,0
77.49495697021484,43.0536003112793,32.40999984741211,0
77.49495697021484,43.0536003112793,32.43000030517578,0
77.49495697021484,43.0536003112793,32.43000030517578,0
78.05130004882812,43.0536003112793,32.43000030517578,0
78.05130004882812,43.0536003112793,32.43000030517578,0
78.05130004882812,43.03950500488281,32.43000030517578,0
78.05130004882812,43.03950500488281,32.43000030517578,0
78.05130004882812,43.03950500488281,32.43000030517578,0
78.05130004882812,43.03950500488281,32.43000030517578,0
78.05130004882812,43.03950500488281,32.43000030517578,0
78.05130004882812,43.03950500488281,32.43000030517578,0
78.05130004882812,43.03950500488281,32.40999984741211,0
76.620849609375,43.03950500488281,32.40999984741211,0
76.620849609375,43.09843826293945,32.40999984741211,0
76.620849609375,43.09843826293945,32.40999984741211,0
76.620849609375,43.09843826293945,32.40999984741211,0
76.620849609375,43.09843826293945,32.40999984741211,0
78.1295394897461,43.09843826293945,32.40999984741211,0
78.1295394897461,43.09843826293945,32.40999984741211,0
78.1295394897461,43.35553741455078,32.40999984741211,0
78.10797119140625,43.35553741455078,32.450000762939446,0
78.10797119140625,43.35553741455078,32.450000762939446,0
78.10797119140625,43.35553741455078,32.450000762939446,0
78.10797119140625,43.35553741455078,32.450000762939446,0
78.10797119140625,43.35553741455078,32.450000762939446,0
78.57064056396484,43.35553741455078,32.450000762939446,0
78.57064056396484,43.35041427612305,32.450000762939446,0
78.57064056396484,43.35041427612305,32.450000762939446,0
78.57064056396484,43.35041427612305,32.450000762939446,0
78.57064056396484,43.35041427612305,32.450000762939446,0
78.56597137451172,43.35041427612305,32.450000762939446,0
78.56597137451172,43.35041427612305,32.450000762939446,0
78.56597137451172,43.35041427612305,32.450000762939446,0
78.56597137451172,43.35041427612305,32.450000762939446,0
78.56597137451172,43.39140701293945,32.450000762939446,0
78.56597137451172,43.39140701293945,32.450000762939446,0
78.56597137451172,43.39140701293945,32.450000762939446,0
78.56597137451172,43.39140701293945,32.450000762939446,0
78.56597137451172,43.39140701293945,32.450000762939446,0
77.44039154052734,43.39140701293945,32.450000762939446,0
77.44039154052734,43.39140701293945,32.450000762939446,0
77.44039154052734,43.46699523925781,32.450000762939446,0
77.44039154052734,43.46699523925781,32.450000762939446,0
78.56980895996094,43.46699523925781,32.450000762939446,0
78.56980895996094,43.46699523925781,32.450000762939446,0
78.56980895996094,43.46699523925781,32.450000762939446,0
78.56980895996094,43.46699523925781,32.450000762939446,0
78.56980895996094,43.46699523925781,32.450000762939446,0
78.59495544433594,43.50158309936523,32.450000762939446,0
78.59495544433594,43.50158309936523,32.450000762939446,0
78.59495544433594,43.50158309936523,32.450000762939446,0
78.59495544433594,43.50158309936523,32.450000762939446,0
78.63235473632812,43.50158309936523,32.450000762939446,0
78.63235473632812,43.50158309936523,32.450000762939446,0
78.63235473632812,43.50158309936523,32.450000762939446,0
78.63235473632812,43.50158309936523,32.450000762939446,0
78.63235473632812,43.50158309936523,32.450000762939446,0
78.6746826171875,43.50158309936523,32.450000762939446,0
78.6746826171875,43.50158309936523,32.470001220703125,0
78.6746826171875,43.50158309936523,32.470001220703125,0
78.6746826171875,43.50158309936523,32.470001220703125,0
78.6746826171875,43.50158309936523,32.470001220703125,0
78.6746826171875,43.50158309936523,32.470001220703125,0
78.6746826171875,43.46058654785156,32.470001220703125,0
78.6746826171875,43.46058654785156,32.470001220703125,0
78.6746826171875,43.46058654785156,32.470001220703125,0
78.6746826171875,43.46058654785156,32.470001220703125,0
78.70817565917969,43.46058654785156,32.490001678466804,0
78.70817565917969,43.46058654785156,32.490001678466804,0
78.70817565917969,43.57716751098633,32.490001678466804,0
78.74036407470703,43.57716751098633,32.490001678466804,0
78.74036407470703,43.57716751098633,32.490001678466804,0
78.74036407470703,43.57716751098633,32.490001678466804,0
78.74036407470703,43.57716751098633,32.490001678466804,0
78.74036407470703,43.57716751098633,32.490001678466804,0
78.74444580078125,43.57716751098633,32.490001678466804,0
78.74444580078125,43.57716751098633,32.490001678466804,0
78.74444580078125,43.56051254272461,32.529998779296875,0
78.74444580078125,43.56051254272461,32.529998779296875,0
78.74444580078125,43.56051254272461,32.529998779296875,0
79.81021118164062,43.56051254272461,32.529998779296875,0
79.81021118164062,43.56051254272461,32.529998779296875,0
79.81021118164062,43.56051254272461,32.529998779296875,0
79.81021118164062,43.56051254272461,32.529998779296875,0
79.94343566894531,43.58869934082031,32.529998779296875,0
79.94343566894531,43.58869934082031,32.529998779296875,0
79.94343566894531,43.58869934082031,32.529998779296875,0
79.94343566894531,43.58869934082031,32.529998779296875,0
79.94343566894531,43.58869934082031,32.529998779296875,0
79.94343566894531,43.58869934082031,32.529998779296875,0
79.94343566894531,43.58869934082031,32.529998779296875,0
79.94343566894531,43.86693572998047,32.529998779296875,0
79.94343566894531,43.86693572998047,32.529998779296875,0
79.4600830078125,43.86693572998047,32.529998779296875,0
79.4600830078125,43.86693572998047,32.529998779296875,0
79.4600830078125,43.86693572998047,32.529998779296875,0
79.4600830078125,43.86693572998047,32.529998779296875,0
79.4600830078125,43.86693572998047,32.529998779296875,0
79.46216583251953,43.90665054321289,32.529998779296875,0
79.46216583251953,43.90665054321289,32.529998779296875,0
79.46216583251953,43.90665054321289,32.529998779296875,0
79.46216583251953,43.90665054321289,32.529998779296875,0
79.4624252319336,43.90665054321289,32.529998779296875,0
79.4624252319336,43.90665054321289,32.529998779296875,0
79.4624252319336,43.90665054321289,32.529998779296875,0
79.4624252319336,43.975830078125,32.529998779296875,0
79.4624252319336,43.975830078125,32.529998779296875,0
79.4721450805664,43.975830078125,32.529998779296875,0
79.4721450805664,43.975830078125,32.529998779296875,0
79.4721450805664,43.975830078125,32.529998779296875,0
79.4721450805664,43.975830078125,32.529998779296875,0
79.4721450805664,43.975830078125,32.529998779296875,0
77.98287200927734,43.975830078125,32.529998779296875,0
77.98287200927734,43.99633026123047,32.529998779296875,0
77.98287200927734,43.99633026123047,32.529998779296875,0
77.98287200927734,43.99633026123047,32.529998779296875,0
77.98287200927734,43.99633026123047,32.549999237060554,0
77.98287200927734,43.99633026123047,32.549999237060554,0
77.98287200927734,43.99633026123047,32.549999237060554,0
77.98287200927734,44.01426315307617,32.549999237060554,0
79.98503112792969,44.01426315307617,32.549999237060554,0
79.98503112792969,44.01426315307617,32.549999237060554,0
79.98503112792969,44.01426315307617,32.549999237060554,0
79.98503112792969,44.01426315307617,32.549999237060554,0
79.98503112792969,44.01426315307617,32.549999237060554,0
79.99127197265625,44.01426315307617,32.56999969482422,0
79.99127197265625,44.01426315307617,32.56999969482422,0
79.99127197265625,43.98992156982422,32.56999969482422,0
79.99127197265625,43.98992156982422,32.56999969482422,0
79.99242401123047,43.98992156982422,32.56999969482422,0
79.99242401123047,43.98992156982422,32.56999969482422,0
79.99242401123047,43.98992156982422,32.56999969482422,0
79.99242401123047,43.98992156982422,32.56999969482422,0
79.99242401123047,43.98992156982422,32.56999969482422,0
80.02091979980469,44.4154052734375,32.56999969482422,0
80.02091979980469,44.4154052734375,32.56999969482422,0
80.02091979980469,44.4154052734375,32.56999969482422,0
80.02091979980469,44.4154052734375,32.56999969482422,0
80.02091979980469,44.4154052734375,32.56999969482422,0
80.03234100341797,44.4154052734375,32.56999969482422,0
80.03234100341797,44.4154052734375,32.56999969482422,0
80.03234100341797,44.4154052734375,32.56999969482422,0
80.03234100341797,44.37569046020508,32.56999969482422,0
80.03234100341797,44.37569046020508,32.56999969482422,0
80.03234100341797,44.37569046020508,32.56999969482422,0
80.03234100341797,44.37569046020508,32.56999969482422,0
80.03234100341797,44.37569046020508,32.56999969482422,0
80.03234100341797,44.37569046020508,32.56999969482422,0
80.05062866210938,44.40387725830078,32.56999969482422,0
80.05062866210938,44.40387725830078,32.56999969482422,0
80.05062866210938,44.40387725830078,32.56999969482422,0
80.05062866210938,44.40387725830078,32.56999969482422,0
80.06938171386719,44.40387725830078,32.56999969482422,0
80.06938171386719,44.40387725830078,32.56999969482422,0
80.06938171386719,44.40387725830078,32.59000015258789,0
80.06938171386719,44.40387725830078,32.59000015258789,0
80.06938171386719,44.342384338378906,32.59000015258789,0
80.1023178100586,44.342384338378906,32.59000015258789,0
80.1023178100586,44.342384338378906,32.59000015258789,0
80.1023178100586,44.342384338378906,32.59000015258789,0
80.1023178100586,44.342384338378906,32.59000015258789,0
81.06324768066406,44.342384338378906,32.59000015258789,0
81.06324768066406,44.342384338378906,32.59000015258789,0
81.06324768066406,44.43462371826172,32.59000015258789,0
81.06324768066406,44.43462371826172,32.610000610351555,0
81.06324768066406,44.43462371826172,32.610000610351555,0
81.18336486816406,44.43462371826172,32.610000610351555,0
81.18336486816406,44.43462371826172,32.610000610351555,0
81.18336486816406,44.43462371826172,32.610000610351555,0
81.18336486816406,44.40515899658203,32.610000610351555,0
81.18336486816406,44.40515899658203,32.610000610351555,0
81.18336486816406,44.40515899658203,32.610000610351555,0
81.18336486816406,44.40515899658203,32.610000610351555,0
81.18336486816406,44.40515899658203,32.610000610351555,0
81.19837951660156,44.40515899658203,32.610000610351555,0
81.19837951660156,44.40515899658203,32.610000610351555,0
81.19837951660156,44.40515899658203,32.610000610351555,0
81.19837951660156,44.48074340820313,32.610000610351555,0
81.19837951660156,44.48074340820313,32.610000610351555,0
81.19672393798828,44.48074340820313,32.610000610351555,0
81.19672393798828,44.48074340820313,32.610000610351555,0
81.19672393798828,44.48074340820313,32.610000610351555,0
81.19672393798828,44.48074340820313,32.630001068115234,0
81.19672393798828,44.48074340820313,32.630001068115234,0
81.19672393798828,44.59347915649414,32.630001068115234,0
80.6762466430664,44.59347915649414,32.630001068115234,0
80.6762466430664,44.59347915649414,32.630001068115234,0
80.6762466430664,44.59347915649414,32.630001068115234,0
80.64889526367188,44.59347915649414,32.630001068115234,0
80.64889526367188,44.59347915649414,32.630001068115234,0
80.64889526367188,44.59347915649414,32.630001068115234,0
80.64889526367188,44.59347915649414,32.630001068115234,0
80.62278747558594,44.56785583496094,32.630001068115234,0
80.62278747558594,44.56785583496094,32.630001068115234,0
80.62278747558594,44.56785583496094,32.630001068115234,0
80.62278747558594,44.56785583496094,32.630001068115234,0
80.62278747558594,44.56785583496094,32.630001068115234,0
80.62278747558594,44.56785583496094,32.630001068115234,0
80.62278747558594,44.55120086669922,32.630001068115234,0
80.62278747558594,44.55120086669922,32.630001068115234,0
80.62278747558594,44.55120086669922,32.630001068115234,0
80.62278747558594,44.55120086669922,32.650001525878906,0
79.97236633300781,44.55120086669922,32.650001525878906,0
79.97236633300781,44.55120086669922,32.650001525878906,0
79.97236633300781,44.55120086669922,32.650001525878906,0
79.97236633300781,44.55120086669922,32.650001525878906,0
79.02298736572266,44.56913757324219,32.650001525878906,0
79.02298736572266,44.56913757324219,32.650001525878906,0
79.02298736572266,44.56913757324219,32.650001525878906,0
79.02298736572266,44.56913757324219,32.650001525878906,0
79.02298736572266,44.56913757324219,32.650001525878906,0
78.85887145996094,44.56913757324219,32.630001068115234,0
78.85887145996094,44.56913757324219,32.630001068115234,0
78.85887145996094,44.933677673339844,32.630001068115234,0
78.85887145996094,44.933677673339844,32.630001068115234,0
78.85887145996094,44.933677673339844,32.630001068115234,0
78.27678680419922,44.933677673339844,32.630001068115234,0
78.27678680419922,44.933677673339844,32.630001068115234,0
78.27678680419922,44.933677673339844,32.630001068115234,0
78.27678680419922,44.933677673339844,32.630001068115234,0
78.04813385009766,44.88627624511719,32.689998626708984,0
78.04813385009766,44.88627624511719,32.689998626708984,0
78.04813385009766,44.88627624511719,32.689998626708984,0
78.04813385009766,44.88627624511719,32.689998626708984,0
78.04813385009766,44.88627624511719,32.689998626708984,0
78.04813385009766,44.88627624511719,32.689998626708984,0
78.04813385009766,44.88627624511719,32.689998626708984,0
78.04813385009766,44.918304443359375,32.689998626708984,0
78.04813385009766,44.918304443359375,32.689998626708984,0
77.57341003417969,44.918304443359375,32.689998626708984,0
77.57341003417969,44.918304443359375,32.689998626708984,0
77.57341003417969,44.918304443359375,32.689998626708984,0
77.57341003417969,44.918304443359375,32.689998626708984,0
77.57341003417969,44.918304443359375,32.689998626708984,0
77.57341003417969,44.84656143188477,32.689998626708984,0
76.63906860351562,44.84656143188477,32.689998626708984,0
76.63906860351562,44.84656143188477,32.689998626708984,0
76.63906860351562,44.84656143188477,32.689998626708984,0
76.63906860351562,44.84656143188477,32.689998626708984,0
77.50665283203125,44.84656143188477,32.689998626708984,0
77.50665283203125,44.84656143188477,32.689998626708984,0
77.50665283203125,44.84656143188477,32.689998626708984,0
77.50665283203125,44.99517059326172,32.689998626708984,0
76.658447265625,44.99517059326172,32.689998626708984,0
76.658447265625,44.99517059326172,32.689998626708984,0
76.658447265625,44.99517059326172,32.689998626708984,0
76.658447265625,44.99517059326172,32.689998626708984,0
76.658447265625,44.99517059326172,32.689998626708984,0
76.66179656982422,44.94392776489258,32.689998626708984,0
76.66179656982422,44.94392776489258,32.709999084472656,0
76.66179656982422,44.94392776489258,32.709999084472656,0
76.66179656982422,44.94392776489258,32.709999084472656,0
76.66179656982422,44.94392776489258,32.709999084472656,0
76.66179656982422,44.94392776489258,32.709999084472656,0
76.66179656982422,44.94392776489258,32.709999084472656,0
76.66179656982422,44.94392776489258,32.709999084472656,0
78.66221618652344,44.99388885498047,32.709999084472656,0
78.66221618652344,44.99388885498047,32.709999084472656,0
78.66221618652344,44.99388885498047,32.709999084472656,0
78.66221618652344,44.99388885498047,32.709999084472656,0
78.66221618652344,44.99388885498047,32.709999084472656,0
78.66221618652344,44.99388885498047,32.709999084472656,0
78.65763092041016,44.99388885498047,32.709999084472656,0
78.65763092041016,45.03616714477539,32.709999084472656,0
78.65763092041016,45.03616714477539,32.709999084472656,0
78.65763092041016,45.03616714477539,32.709999084472656,0
76.65705871582031,45.03616714477539,32.709999084472656,0
76.65705871582031,45.03616714477539,32.709999084472656,0
76.65705871582031,45.03616714477539,32.72999954223633,0
76.65705871582031,45.03616714477539,32.72999954223633,0
78.156982421875,45.09509658813477,32.72999954223633,0
78.156982421875,45.09509658813477,32.72999954223633,0
78.156982421875,45.09509658813477,32.72999954223633,0
78.156982421875,45.09509658813477,32.72999954223633,0
78.156982421875,45.09509658813477,32.72999954223633,0
78.67886352539062,45.09509658813477,32.72999954223633,0
78.67886352539062,45.09509658813477,32.72999954223633,0
78.67886352539062,45.377685546875,32.72999954223633,0
78.67886352539062,45.377685546875,32.72999954223633,0
78.67886352539062,45.377685546875,32.72999954223633,0
78.67886352539062,45.377685546875,32.72999954223633,0
78.67886352539062,45.377685546875,32.72999954223633,0
78.67886352539062,45.377685546875,32.72999954223633,0
78.67886352539062,45.377685546875,32.72999954223633,0
78.70028686523438,45.377685546875,32.72999954223633,0
78.70028686523438,45.30466079711914,32.72999954223633,0
78.70028686523438,45.30466079711914,32.72999954223633,0
78.70028686523438,45.30466079711914,32.72999954223633,0
78.70028686523438,45.30466079711914,32.72999954223633,0
78.88075256347656,45.30466079711914,32.72999954223633,0
78.88075256347656,45.30466079711914,32.72999954223633,0
78.88075256347656,45.30466079711914,32.72999954223633,0
78.88075256347656,45.43149185180664,32.72999954223633,0
78.72933959960938,45.43149185180664,32.72999954223633,0
78.72933959960938,45.43149185180664,32.72999954223633,0
78.72933959960938,45.43149185180664,32.72999954223633,0
78.72933959960938,45.43149185180664,32.72999954223633,0
78.729736328125,45.43149185180664,32.75,0
78.729736328125,45.26622772216797,32.75,0
78.729736328125,45.26622772216797,32.75,0
78.729736328125,45.26622772216797,32.75,0
78.729736328125,45.26622772216797,32.75,0
78.71727752685547,45.26622772216797,32.75,0
78.71727752685547,45.26622772216797,32.75,0
78.71727752685547,45.26622772216797,32.75,0
78.71727752685547,45.26622772216797,32.75,0
78.71727752685547,45.3315658569336,32.75,0
78.71727752685547,45.3315658569336,32.77000045776367,0
78.71727752685547,45.3315658569336,32.77000045776367,0
78.71727752685547,45.3315658569336,32.77000045776367,0
78.71727752685547,45.3315658569336,32.77000045776367,0
78.71727752685547,45.3315658569336,32.77000045776367,0
78.69074249267578,45.3315658569336,32.77000045776367,0
78.69074249267578,45.39690017700195,32.77000045776367,0
78.69074249267578,45.39690017700195,32.77000045776367,0
78.69074249267578,45.39690017700195,32.77000045776367,0
78.65668487548828,45.39690017700195,32.77000045776367,0
78.65668487548828,45.39690017700195,32.810001373291016,0
78.65668487548828,45.39690017700195,32.810001373291016,0
78.65668487548828,45.39690017700195,32.810001373291016,0
77.71635437011719,45.53654098510742,32.810001373291016,0
77.71635437011719,45.53654098510742,32.810001373291016,0
77.71635437011719,45.53654098510742,32.810001373291016,0
77.71635437011719,45.53654098510742,32.810001373291016,0
77.71635437011719,45.53654098510742,32.810001373291016,0
77.59049987792969,45.53654098510742,32.810001373291016,0
77.59049987792969,45.53654098510742,32.810001373291016,0
77.59049987792969,45.47120666503906,32.810001373291016,0
77.59049987792969,45.47120666503906,32.810001373291016,0
77.57476806640625,45.47120666503906,32.810001373291016,0
77.57476806640625,45.47120666503906,32.810001373291016,0
77.57476806640625,45.47120666503906,32.810001373291016,0
77.57476806640625,45.47120666503906,32.810001373291016,0
77.57476806640625,45.47120666503906,32.810001373291016,0
77.57476806640625,45.47120666503906,32.810001373291016,0
77.57476806640625,45.50579452514648,32.810001373291016,0
77.57476806640625,45.50579452514648,32.810001373291016,0
77.57476806640625,45.50579452514648,32.810001373291016,0
77.57476806640625,45.50579452514648,32.810001373291016,0
77.57279968261719,45.50579452514648,32.810001373291016,0
77.57279968261719,45.50579452514648,32.810001373291016,1
77.57279968261719,45.50579452514648,32.810001373291016,1
77.57279968261719,45.60828399658203,32.810001373291016,1
77.58753967285156,45.60828399658203,32.810001373291016,1
77.58753967285156,45.60828399658203,32.790000915527344,1
77.58753967285156,45.60828399658203,32.790000915527344,1
77.58753967285156,45.60828399658203,32.790000915527344,1
77.60710144042969,45.60828399658203,32.790000915527344,1
77.60710144042969,45.60828399658203,32.790000915527344,1
77.60710144042969,45.65824508666992,32.790000915527344,1
77.60710144042969,45.65824508666992,32.790000915527344,1
77.60710144042969,45.65824508666992,32.790000915527344,1
77.6429214477539,45.65824508666992,32.790000915527344,1
77.6429214477539,45.65824508666992,32.790000915527344,1
77.6429214477539,45.65824508666992,32.830001831054695,1
77.6429214477539,45.65824508666992,32.830001831054695,1
77.6429214477539,45.65698623657226,32.830001831054695,1
77.66731262207031,45.65698623657226,32.830001831054695,1
77.66731262207031,45.65698623657226,32.830001831054695,1
77.66731262207031,45.65698623657226,32.830001831054695,1
77.66731262207031,45.65698623657226,32.830001831054695,1
77.66731262207031,45.65698623657226,32.830001831054695,1
77.66731262207031,45.65698623657226,32.830001831054695,1
77.66731262207031,45.60830307006836,32.830001831054695,1
77.66731262207031,45.60830307006836,32.810001373291016,1
77.66731262207031,45.60830307006836,32.810001373291016,1
77.67684173583984,45.60830307006836,32.810001373291016,1
77.67684173583984,45.60830307006836,32.810001373291016,1
77.67684173583984,45.60830307006836,32.810001373291016,1
77.67684173583984,45.60830307006836,32.810001373291016,1
77.68206024169922,45.6851692199707,32.810001373291016,1
77.68206024169922,45.6851692199707,32.810001373291016,1
77.68206024169922,45.6851692199707,32.810001373291016,1
77.68206024169922,45.6851692199707,32.84999847412109,1
77.68938446044922,45.6851692199707,32.84999847412109,1
77.68938446044922,45.6851692199707,32.84999847412109,1
77.68938446044922,45.6851692199707,32.84999847412109,1
77.68938446044922,45.85171127319336,32.84999847412109,1
77.68938446044922,45.85171127319336,32.84999847412109,1
77.70128631591797,45.85171127319336,32.84999847412109,1
77.70128631591797,45.85171127319336,32.84999847412109,1
77.70128631591797,45.85171127319336,32.84999847412109,1
77.70128631591797,45.85171127319336,32.84999847412109,1
77.70128631591797,45.85171127319336,32.86999893188477,1
77.70549011230469,45.85171127319336,32.86999893188477,1
77.70549011230469,45.78509521484375,32.86999893188477,1
77.70549011230469,45.78509521484375,32.86999893188477,1
77.70549011230469,45.78509521484375,32.86999893188477,1
77.70549011230469,45.78509521484375,32.86999893188477,1
77.70549011230469,45.78509521484375,32.86999893188477,1
77.70549011230469,45.78509521484375,32.86999893188477,1
77.70549011230469,45.78509521484375,32.86999893188477,1
77.71280670166016,45.82224655151367,32.86999893188477,1
77.71280670166016,45.82224655151367,32.86999893188477,1
77.71280670166016,45.82224655151367,32.86999893188477,1
77.71280670166016,45.82224655151367,32.86999893188477,1
77.71280670166016,45.82224655151367,32.86999893188477,1
78.6140365600586,45.82224655151367,32.86999893188477,1
78.6140365600586,45.89142608642578,32.86999893188477,1
78.6140365600586,45.89142608642578,32.86999893188477,1
78.6140365600586,45.89142608642578,32.86999893188477,1
78.6140365600586,45.89142608642578,32.86999893188477,1
78.73551177978516,45.89142608642578,32.86999893188477,1
78.73551177978516,45.89142608642578,32.86999893188477,1
78.73551177978516,45.89142608642578,32.86999893188477,1
78.73551177978516,45.89142608642578,32.86999893188477,1
78.77100372314453,45.91576766967773,32.86999893188477,1
78.77100372314453,45.91576766967773,32.86999893188477,1
78.77100372314453,45.91576766967773,32.86999893188477,1
78.77100372314453,45.91576766967773,32.86999893188477,1
78.77100372314453,45.91576766967773,32.86999893188477,1
78.80130004882812,45.91576766967773,32.889999389648445,1
78.80130004882812,45.91576766967773,32.889999389648445,1
78.80130004882812,45.8068733215332,32.889999389648445,1
78.80130004882812,45.8068733215332,32.889999389648445,1
78.80130004882812,45.8068733215332,32.889999389648445,1
78.80130004882812,45.8068733215332,32.889999389648445,1
78.80130004882812,45.8068733215332,32.889999389648445,1
78.80130004882812,45.8068733215332,32.889999389648445,1
78.82246398925781,45.8068733215332,32.889999389648445,1
78.82246398925781,45.89398956298828,32.86999893188477,1
78.82246398925781,45.89398956298828,32.86999893188477,1
78.82246398925781,45.89398956298828,32.86999893188477,1
78.82246398925781,45.89398956298828,32.86999893188477,1
78.86815643310547,45.89398956298828,32.86999893188477,1
78.86815643310547,45.89398956298828,32.86999893188477,1
78.86815643310547,45.89398956298828,32.86999893188477,1
78.86815643310547,45.950355529785156,32.86999893188477,1
78.86815643310547,45.950355529785156,32.86999893188477,1
78.89645385742188,45.950355529785156,32.86999893188477,1
78.89645385742188,45.950355529785156,32.889999389648445,1
78.89645385742188,45.950355529785156,32.889999389648445,1
78.89645385742188,45.950355529785156,32.889999389648445,1
79.99960327148438,45.950355529785156,32.889999389648445,1
79.99960327148438,45.950355529785156,32.889999389648445,1
79.99960327148438,45.905517578125,32.889999389648445,1
79.99960327148438,45.905517578125,32.889999389648445,1
79.99960327148438,45.905517578125,32.889999389648445,1
80.15934753417969,45.905517578125,32.889999389648445,1
80.15934753417969,45.905517578125,32.889999389648445,1
80.15934753417969,45.905517578125,32.90999984741211,1
80.15934753417969,45.905517578125,32.90999984741211,1
80.15934753417969,45.96060562133789,32.90999984741211,1
80.15934753417969,45.96060562133789,32.90999984741211,1
80.15934753417969,45.96060562133789,32.90999984741211,1
80.15934753417969,45.96060562133789,32.90999984741211,1
80.15934753417969,45.96060562133789,32.90999984741211,1
80.197509765625,45.96060562133789,32.90999984741211,1
80.197509765625,45.90423583984375,32.90999984741211,1
80.197509765625,45.90423583984375,32.93000030517578,1
80.197509765625,45.90423583984375,32.93000030517578,1
80.70973205566406,45.90423583984375,32.93000030517578,1
80.70973205566406,45.90423583984375,32.93000030517578,1
80.70973205566406,45.90423583984375,32.93000030517578,1
80.70973205566406,45.90423583984375,32.93000030517578,1
80.70973205566406,45.90423583984375,32.93000030517578,1
81.24427032470703,45.831214904785156,32.93000030517578,1
81.24427032470703,45.831214904785156,32.93000030517578,1
81.24427032470703,45.831214904785156,32.93000030517578,1
81.24427032470703,45.831214904785156,32.950000762939446,1
81.24427032470703,45.831214904785156,32.950000762939446,1
81.3337631225586,45.831214904785156,32.950000762939446,1
81.3337631225586,45.831214904785156,32.950000762939446,1
81.3337631225586,45.83633804321289,32.950000762939446,1
81.3337631225586,45.83633804321289,32.950000762939446,1
81.352294921875,45.83633804321289,32.950000762939446,1
81.352294921875,45.83633804321289,32.950000762939446,1
81.352294921875,45.83633804321289,32.950000762939446,1
81.352294921875,45.83633804321289,32.93000030517578,1
81.352294921875,45.83633804321289,32.93000030517578,1
81.352294921875,45.96316909790039,32.93000030517578,1
81.352294921875,45.96316909790039,32.93000030517578,1
81.352294921875,45.96316909790039,32.93000030517578,1
81.352294921875,45.96316909790039,32.93000030517578,1
81.35665893554688,45.96316909790039,32.93000030517578,1
81.35665893554688,45.96316909790039,32.93000030517578,1
81.35665893554688,45.96316909790039,32.93000030517578,1
81.35665893554688,45.92217254638672,32.93000030517578,1
81.35934448242188,45.92217254638672,32.93000030517578,1
81.35934448242188,45.92217254638672,32.93000030517578,1
81.35934448242188,45.92217254638672,32.93000030517578,1
81.35934448242188,45.92217254638672,32.93000030517578,1
81.35934448242188,45.92217254638672,32.93000030517578,1
81.36167907714844,45.92217254638672,32.93000030517578,1
81.36167907714844,45.94010925292969,32.93000030517578,1
81.36167907714844,45.94010925292969,32.93000030517578,1
81.36167907714844,45.94010925292969,32.93000030517578,1
81.36167907714844,45.94010925292969,32.93000030517578,1
81.37075805664062,45.94010925292969,32.93000030517578,1
81.37075805664062,45.94010925292969,32.93000030517578,1
81.37075805664062,45.94010925292969,32.93000030517578,1
81.37075805664062,45.94010925292969,32.93000030517578,1
82.44699096679688,45.97597885131836,32.93000030517578,1
82.44699096679688,45.97597885131836,32.93000030517578,1
82.44699096679688,45.97597885131836,32.93000030517578,1
82.44699096679688,45.97597885131836,32.93000030517578,1
82.44699096679688,45.97597885131836,32.970001220703125,1
82.44699096679688,45.97597885131836,32.970001220703125,1
82.44699096679688,46.02209854125977,32.970001220703125,1
82.44699096679688,46.02209854125977,32.970001220703125,1
82.44699096679688,46.02209854125977,32.970001220703125,1
82.59603881835938,46.02209854125977,32.970001220703125,1
82.59603881835938,46.02209854125977,32.970001220703125,1
82.59603881835938,46.02209854125977,32.970001220703125,1
82.59603881835938,46.02209854125977,32.970001220703125,1
82.59603881835938,46.02209854125977,32.970001220703125,1
82.61466979980469,46.03747177124024,32.970001220703125,1
82.61466979980469,46.03747177124024,32.970001220703125,1
82.61466979980469,46.03747177124024,32.970001220703125,1
82.61466979980469,46.03747177124024,32.970001220703125,1
82.61700439453125,46.03747177124024,32.970001220703125,1
82.61700439453125,46.03747177124024,32.970001220703125,1
82.61700439453125,46.03747177124024,32.970001220703125,1
82.61700439453125,46.05924987792969,32.970001220703125,1
82.61700439453125,46.05924987792969,32.970001220703125,1
82.5776138305664,46.05924987792969,32.970001220703125,1
82.5776138305664,46.05924987792969,32.990001678466804,1
82.5776138305664,46.05924987792969,32.990001678466804,1
82.5776138305664,46.05924987792969,32.990001678466804,1
82.57269287109375,46.09896469116211,32.990001678466804,1
82.57269287109375,46.09896469116211,32.990001678466804,1
82.57269287109375,46.09896469116211,32.990001678466804,1
82.57269287109375,46.09896469116211,32.990001678466804,1
82.57269287109375,46.09896469116211,32.990001678466804,1
82.57269287109375,46.09896469116211,32.990001678466804,1
82.57269287109375,46.09896469116211,32.990001678466804,1
82.57269287109375,46.09896469116211,32.990001678466804,1
82.57269287109375,46.04259490966797,32.990001678466804,1
82.57207489013672,46.04259490966797,32.990001678466804,1
82.57207489013672,46.04259490966797,32.990001678466804,1
82.57207489013672,46.04259490966797,32.990001678466804,1
82.57207489013672,46.04259490966797,32.990001678466804,1
82.57207489013672,46.04259490966797,32.990001678466804,1
82.58880615234375,46.04259490966797,32.990001678466804,1
82.58880615234375,46.106651306152344,32.990001678466804,1
82.58880615234375,46.106651306152344,32.990001678466804,1
82.58880615234375,46.106651306152344,32.990001678466804,1
82.58880615234375,46.106651306152344,32.990001678466804,1
83.4950180053711,46.106651306152344,32.990001678466804,1
83.4950180053711,46.106651306152344,32.990001678466804,1
83.4950180053711,46.106651306152344,32.990001678466804,1
83.4950180053711,46.106651306152344,32.990001678466804,1
83.60829162597656,46.09640121459961,32.990001678466804,1
83.60829162597656,46.09640121459961,32.990001678466804,1
83.60829162597656,46.09640121459961,33.009998321533196,1
83.60829162597656,46.09640121459961,33.009998321533196,1
83.62245178222656,46.09640121459961,33.009998321533196,1
83.62245178222656,46.09640121459961,33.009998321533196,1
83.62245178222656,46.43375778198242,33.009998321533196,1
83.62245178222656,46.43375778198242,33.009998321533196,1
83.62245178222656,46.43375778198242,33.009998321533196,1
83.62245178222656,46.43375778198242,33.009998321533196,1
83.62245178222656,46.43375778198242,33.009998321533196,1
83.62245178222656,46.43375778198242,33.009998321533196,1
83.62245178222656,46.43375778198242,33.009998321533196,1
83.60839080810547,46.43375778198242,33.009998321533196,1
83.60839080810547,46.20700454711914,33.009998321533196,1
83.60839080810547,46.20700454711914,33.009998321533196,1
83.60839080810547,46.20700454711914,33.009998321533196,1
83.60839080810547,46.20700454711914,33.009998321533196,1
83.59260559082031,46.20700454711914,33.009998321533196,1
83.59260559082031,46.20700454711914,33.009998321533196,1
83.59260559082031,46.20700454711914,33.009998321533196,1
83.59260559082031,46.33255004882813,33.009998321533196,1
83.59260559082031,46.33255004882813,33.009998321533196,1
82.72731018066406,46.33255004882813,33.009998321533196,1
82.72731018066406,46.33255004882813,33.009998321533196,1
82.72731018066406,46.33255004882813,33.009998321533196,1
82.61914825439453,46.33255004882813,33.009998321533196,1
82.61914825439453,46.25824737548828,33.009998321533196,1
82.61914825439453,46.25824737548828,33.009998321533196,1
82.61914825439453,46.25824737548828,33.009998321533196,1
82.61914825439453,46.25824737548828,33.009998321533196,1
82.60562896728516,46.25824737548828,33.029998779296875,1
82.60562896728516,46.25824737548828,33.029998779296875,1
82.60562896728516,46.25824737548828,33.029998779296875,1
82.60562896728516,46.25824737548828,33.029998779296875,1
82.60562896728516,46.3966064453125,33.029998779296875,1
82.60562896728516,46.3966064453125,33.029998779296875,1
82.60562896728516,46.3966064453125,33.029998779296875,1
82.60562896728516,46.3966064453125,33.029998779296875,1
82.60562896728516,46.3966064453125,33.029998779296875,1
82.6291732788086,46.3966064453125,33.029998779296875,1
82.6291732788086,46.3966064453125,33.029998779296875,1
82.6291732788086,46.346641540527344,33.029998779296875,1
82.6291732788086,46.346641540527344,33.029998779296875,1
82.6291732788086,46.346641540527344,33.029998779296875,1
82.63907623291016,46.346641540527344,33.029998779296875,1
82.63907623291016,46.346641540527344,33.029998779296875,1
82.63907623291016,46.346641540527344,33.029998779296875,1
82.63907623291016,46.346641540527344,33.029998779296875,1
82.63907623291016,46.346641540527344,33.029998779296875,1
82.64991760253906,46.42350769042969,33.009998321533196,1
82.64991760253906,46.42350769042969,33.009998321533196,1
82.64991760253906,46.42350769042969,33.009998321533196,1
82.64991760253906,46.42350769042969,33.009998321533196,1
82.6563949584961,46.42350769042969,33.009998321533196,1
82.6563949584961,46.42350769042969,33.009998321533196,1
82.6563949584961,46.42478942871094,33.009998321533196,1
82.6563949584961,46.42478942871094,33.009998321533196,1
82.66078186035156,46.42478942871094,33.009998321533196,1
82.66078186035156,46.42478942871094,33.049999237060554,1
82.66078186035156,46.42478942871094,33.049999237060554,1
82.66078186035156,46.42478942871094,33.049999237060554,1
82.66078186035156,46.42478942871094,33.049999237060554,1
82.66078186035156,46.42478942871094,33.049999237060554,1
82.66078186035156,46.30180358886719,33.049999237060554,1
82.66078186035156,46.30180358886719,33.049999237060554,1
82.66078186035156,46.30180358886719,33.049999237060554,1
82.66078186035156,46.30180358886719,33.049999237060554,1
82.66449737548828,46.30180358886719,33.049999237060554,1
82.66449737548828,46.30180358886719,33.06999969482422,1
82.66449737548828,46.30180358886719,33.06999969482422,1
82.66449737548828,46.35689163208008,33.06999969482422,1
83.54663848876953,46.35689163208008,33.06999969482422,1
83.54663848876953,46.35689163208008,33.06999969482422,1
83.54663848876953,46.35689163208008,33.06999969482422,1
83.54663848876953,46.35689163208008,33.06999969482422,1
83.65690612792969,46.35689163208008,33.06999969482422,1
83.65690612792969,46.39916610717773,33.06999969482422,1
83.65690612792969,46.39916610717773,33.049999237060554,1
83.65690612792969,46.39916610717773,33.049999237060554,1
83.65690612792969,46.39916610717773,33.049999237060554,1
83.17069244384766,46.39916610717773,33.049999237060554,1
83.17069244384766,46.39916610717773,33.049999237060554,1
83.17069244384766,46.39916610717773,33.049999237060554,1
83.17069244384766,46.39916610717773,33.049999237060554,1
83.17069244384766,46.347923278808594,33.049999237060554,1
81.65708923339844,46.347923278808594,33.049999237060554,1
81.65708923339844,46.347923278808594,33.049999237060554,1
81.65708923339844,46.347923278808594,33.049999237060554,1
81.65708923339844,46.347923278808594,33.049999237060554,1
81.65708923339844,46.347923278808594,33.049999237060554,1
81.65708923339844,46.347923278808594,33.049999237060554,1
81.65708923339844,46.39276123046875,33.049999237060554,1
81.65708923339844,46.39276123046875,33.049999237060554,1
81.65708923339844,46.39276123046875,33.049999237060554,1
82.5106201171875,46.39276123046875,33.049999237060554,1
82.5106201171875,46.39276123046875,33.049999237060554,1
82.5106201171875,46.39276123046875,33.049999237060554,1
82.5106201171875,46.39276123046875,33.06999969482422,1
82.5106201171875,46.39276123046875,33.06999969482422,1
83.63056182861328,46.346641540527344,33.06999969482422,1
83.63056182861328,46.346641540527344,33.06999969482422,1
83.63056182861328,46.346641540527344,33.06999969482422,1
83.63056182861328,46.346641540527344,33.06999969482422,1
82.50492858886719,46.346641540527344,33.06999969482422,1
82.50492858886719,46.346641540527344,33.06999969482422,1
82.50492858886719,46.33639526367188,33.06999969482422,1
82.50492858886719,46.33639526367188,33.09000015258789,1
83.62985229492188,46.33639526367188,33.09000015258789,1
83.62985229492188,46.33639526367188,33.09000015258789,1
83.62985229492188,46.33639526367188,33.09000015258789,1
83.62985229492188,46.33639526367188,33.09000015258789,1
83.62985229492188,46.33639526367188,33.09000015258789,1
83.65611267089844,46.3966064453125,33.09000015258789,1
83.65611267089844,46.3966064453125,33.09000015258789,1
83.65611267089844,46.3966064453125,33.09000015258789,1
83.65611267089844,46.3966064453125,33.09000015258789,1
83.65611267089844,46.3966064453125,33.09000015258789,1
83.65611267089844,46.3966064453125,33.09000015258789,1
83.65611267089844,46.3966064453125,33.09000015258789,1
83.65611267089844,46.3966064453125,33.09000015258789,1
83.65611267089844,46.52983856201172,33.09000015258789,1
83.70065307617188,46.52983856201172,33.09000015258789,1
83.70065307617188,46.52983856201172,33.09000015258789,1
83.70065307617188,46.52983856201172,33.09000015258789,1
83.70065307617188,46.52983856201172,33.09000015258789,1
83.73884582519531,46.52983856201172,33.110000610351555,1
83.73884582519531,46.53240203857422,33.110000610351555,1
83.73884582519531,46.53240203857422,33.110000610351555,1
83.73884582519531,46.53240203857422,33.110000610351555,1
83.73884582519531,46.53240203857422,33.110000610351555,1
83.7772216796875,46.53240203857422,33.110000610351555,1
83.7772216796875,46.53240203857422,33.110000610351555,1
83.7772216796875,46.53240203857422,33.110000610351555,1
83.7772216796875,46.53240203857422,33.110000610351555,1
83.78202056884766,46.590049743652344,33.110000610351555,1
83.78202056884766,46.590049743652344,33.130001068115234,1
83.78202056884766,46.590049743652344,33.130001068115234,1
83.78202056884766,46.590049743652344,33.130001068115234,1
83.78202056884766,46.590049743652344,33.130001068115234,1
83.78262329101562,46.590049743652344,33.130001068115234,1
83.78262329101562,46.590049743652344,33.130001068115234,1
83.78262329101562,46.74528121948242,33.130001068115234,1
83.78262329101562,46.74528121948242,33.130001068115234,1
83.78262329101562,46.74528121948242,33.130001068115234,1
83.78262329101562,46.74528121948242,33.130001068115234,1
83.78262329101562,46.74528121948242,33.130001068115234,1
83.78262329101562,46.74528121948242,33.130001068115234,1
83.78262329101562,46.74528121948242,33.130001068115234,1
83.78262329101562,46.74528121948242,33.130001068115234,1
83.77360534667969,46.84904861450195,33.130001068115234,1
83.77360534667969,46.84904861450195,33.130001068115234,1
83.77360534667969,46.84904861450195,33.130001068115234,1
83.74956512451172,46.84904861450195,33.130001068115234,1
83.74956512451172,46.84904861450195,33.150001525878906,1
83.74956512451172,46.84904861450195,33.150001525878906,1
83.74956512451172,46.67226028442383,33.150001525878906,1
83.74956512451172,46.67226028442383,33.150001525878906,1
83.71649169921875,46.67226028442383,33.150001525878906,1
83.71649169921875,46.67226028442383,33.150001525878906,1
83.71649169921875,46.67226028442383,33.150001525878906,1
83.71649169921875,46.67226028442383,33.150001525878906,1
83.71649169921875,46.67226028442383,33.150001525878906,1
83.66943359375,46.67226028442383,33.150001525878906,1
83.66943359375,46.71197128295898,33.150001525878906,1
83.66943359375,46.71197128295898,33.150001525878906,1
83.66943359375,46.71197128295898,33.150001525878906,1
83.63115692138672,46.71197128295898,33.150001525878906,1
83.63115692138672,46.71197128295898,33.150001525878906,1
83.63115692138672,46.71197128295898,33.150001525878906,1
83.63115692138672,46.71197128295898,33.150001525878906,1
83.63115692138672,46.72350311279297,33.150001525878906,1
83.63115692138672,46.72350311279297,33.150001525878906,1
83.63115692138672,46.72350311279297,33.150001525878906,1
83.63115692138672,46.72350311279297,33.169998168945305,1
83.63115692138672,46.72350311279297,33.169998168945305,1
82.66802978515625,46.72350311279297,33.169998168945305,1
82.66802978515625,46.872108459472656,33.169998168945305,1
82.66802978515625,46.872108459472656,33.169998168945305,1
82.66802978515625,46.872108459472656,33.169998168945305,1
82.50694274902344,46.872108459472656,33.169998168945305,1
82.50694274902344,46.872108459472656,33.169998168945305,1
82.50694274902344,46.872108459472656,33.169998168945305,1
82.50694274902344,46.872108459472656,33.189998626708984,1
82.50694274902344,46.872108459472656,33.189998626708984,1
81.93810272216797,46.81702423095703,33.189998626708984,1
81.93810272216797,46.81702423095703,33.189998626708984,1
81.93810272216797,46.81702423095703,33.189998626708984,1
81.93810272216797,46.81702423095703,33.189998626708984,1
81.93810272216797,46.81702423095703,33.189998626708984,1
81.70238494873047,46.81702423095703,33.189998626708984,1
81.70238494873047,46.81702423095703,33.189998626708984,1
81.70238494873047,46.82214736938477,33.189998626708984,1
81.70238494873047,46.82214736938477,33.189998626708984,1
81.70238494873047,46.82214736938477,33.189998626708984,1
80.8946762084961,46.82214736938477,33.189998626708984,1
80.8946762084961,46.82214736938477,33.189998626708984,1
80.8946762084961,46.82214736938477,33.189998626708984,1
80.8946762084961,46.82214736938477,33.189998626708984,1
80.8946762084961,46.82214736938477,33.189998626708984,0
80.8946762084961,46.83111572265625,33.189998626708984,0
80.8946762084961,46.83111572265625,33.189998626708984,0
80.8946762084961,46.83111572265625,33.189998626708984,0
80.60979461669922,46.83111572265625,33.189998626708984,0
80.60979461669922,46.83111572265625,33.189998626708984,0
80.60979461669922,46.83111572265625,33.189998626708984,0
80.60979461669922,46.875953674316406,33.189998626708984,0
80.60979461669922,46.875953674316406,33.189998626708984,0
79.67631530761719,46.875953674316406,33.189998626708984,0
79.67631530761719,46.875953674316406,33.189998626708984,0
79.67631530761719,46.875953674316406,33.189998626708984,0
79.67631530761719,46.875953674316406,33.189998626708984,0
78.2398681640625,46.875953674316406,33.209999084472656,0
78.2398681640625,46.82598876953125,33.209999084472656,0
78.2398681640625,46.82598876953125,33.209999084472656,0
78.2398681640625,46.82598876953125,33.209999084472656,0
78.2398681640625,46.82598876953125,33.209999084472656,0
78.84477233886719,46.82598876953125,33.209999084472656,0
78.84477233886719,46.82598876953125,33.209999084472656,0
78.84477233886719,46.82598876953125,33.209999084472656,0
78.84477233886719,46.82598876953125,33.209999084472656,0
78.84477233886719,46.91566848754883,33.209999084472656,0
78.7797622680664,46.91566848754883,33.209999084472656,0
78.7797622680664,46.91566848754883,33.209999084472656,0
78.7797622680664,46.91566848754883,33.209999084472656,0
78.7797622680664,46.91566848754883,33.209999084472656,0
78.7797622680664,46.91566848754883,33.209999084472656,0
78.7797622680664,46.79652404785156,33.209999084472656,0
78.7797622680664,46.79652404785156,33.209999084472656,0
78.7797622680664,46.79652404785156,33.209999084472656,0
78.77163696289062,46.79652404785156,33.22999954223633,0
78.77163696289062,46.79652404785156,33.22999954223633,0
78.77163696289062,46.79652404785156,33.22999954223633,0
78.77163696289062,46.79652404785156,33.22999954223633,0
78.77163696289062,46.79652404785156,33.22999954223633,0
78.81193542480469,46.86186218261719,33.22999954223633,0
78.81193542480469,46.86186218261719,33.22999954223633,0
78.81193542480469,46.86186218261719,33.22999954223633,0
78.81193542480469,46.86186218261719,33.22999954223633,0
78.81193542480469,46.86186218261719,33.22999954223633,0
78.85176086425781,46.86186218261719,33.25,0
78.85176086425781,46.86186218261719,33.25,0
78.85176086425781,46.93488311767578,33.25,0
78.85176086425781,46.93488311767578,33.25,0
78.88549041748047,46.93488311767578,33.25,0
78.88549041748047,46.93488311767578,33.25,0
78.88549041748047,46.93488311767578,33.25,0
78.88549041748047,46.93488311767578,33.25,0
78.88549041748047,46.93488311767578,33.25,0
79.96717071533203,46.93488311767578,33.25,0
79.96717071533203,46.93488311767578,33.22999954223633,0
79.96717071533203,46.93488311767578,33.22999954223633,0
79.96717071533203,46.93488311767578,33.22999954223633,0
79.96717071533203,46.93488311767578,33.22999954223633,0
79.96717071533203,46.93488311767578,33.22999954223633,0
79.96717071533203,46.93488311767578,33.22999954223633,0
79.96717071533203,46.89645004272461,33.22999954223633,0
80.10401916503906,46.89645004272461,33.22999954223633,0
80.10401916503906,46.89645004272461,33.22999954223633,0
80.10401916503906,46.89645004272461,33.25,0
80.10401916503906,46.89645004272461,33.25,0
80.10401916503906,46.89645004272461,33.25,0
80.12462615966797,46.89645004272461,33.25,0
80.12462615966797,46.9054183959961,33.25,0
80.12462615966797,46.9054183959961,33.25,0
80.12462615966797,46.9054183959961,33.25,0
80.12462615966797,46.9054183959961,33.25,0
80.1277847290039,46.9054183959961,33.25,0
80.1277847290039,46.9054183959961,33.25,0
80.1277847290039,46.9054183959961,33.25,0
80.1277847290039,46.9054183959961,33.25,0
80.13285827636719,46.9310417175293,33.25,0
80.13285827636719,46.9310417175293,33.25,0
80.13285827636719,46.9310417175293,33.25,0
80.13285827636719,46.9310417175293,33.25,0
80.14742279052734,46.9310417175293,33.25,0
80.14742279052734,46.9310417175293,33.25,0
80.14742279052734,46.83880233764648,33.25,0
80.14742279052734,46.83880233764648,33.27000045776367,0
80.14742279052734,46.83880233764648,33.27000045776367,0
80.14742279052734,46.83880233764648,33.27000045776367,0
80.14742279052734,46.83880233764648,33.27000045776367,0
80.14742279052734,46.83880233764648,33.27000045776367,0
80.14742279052734,46.83880233764648,33.27000045776367,0
80.16545867919922,46.83880233764648,33.27000045776367,0
80.16545867919922,46.92975997924805,33.27000045776367,0
80.16545867919922,46.92975997924805,33.27000045776367,0
80.16545867919922,46.92975997924805,33.27000045776367,0
80.16545867919922,46.92975997924805,33.290000915527344,0
80.17144775390625,46.92975997924805,33.290000915527344,0
80.17144775390625,46.92975997924805,33.290000915527344,0
80.17144775390625,46.92975997924805,33.290000915527344,0
80.17144775390625,46.9745979309082,33.290000915527344,0
80.17144775390625,46.9745979309082,33.290000915527344,0
81.0526123046875,46.9745979309082,33.290000915527344,0
81.0526123046875,46.9745979309082,33.290000915527344,0
81.0526123046875,46.9745979309082,33.290000915527344,0
81.0526123046875,46.9745979309082,33.290000915527344,0
81.0526123046875,46.9745979309082,33.310001373291016,0
79.16937255859375,46.86314392089844,33.310001373291016,0
79.16937255859375,46.86314392089844,33.310001373291016,0
79.16937255859375,46.86314392089844,33.310001373291016,0
80.0610122680664,46.86314392089844,33.310001373291016,0
80.0610122680664,46.86314392089844,33.310001373291016,0
80.0610122680664,46.86314392089844,33.310001373291016,0
80.0610122680664,46.86314392089844,33.310001373291016,0
80.0610122680664,46.76321792602539,33.290000915527344,0
80.0610122680664,46.76321792602539,33.290000915527344,0
80.0610122680664,46.76321792602539,33.290000915527344,0
80.0610122680664,46.76321792602539,33.290000915527344,0
80.0610122680664,46.76321792602539,33.290000915527344,0
80.0610122680664,46.76321792602539,33.290000915527344,0
80.68809509277344,46.76321792602539,33.290000915527344,0
80.68809509277344,46.91695022583008,33.290000915527344,0
80.68809509277344,46.91695022583008,33.290000915527344,0
80.68809509277344,46.91695022583008,33.290000915527344,0
80.69049835205078,46.91695022583008,33.310001373291016,0
80.69049835205078,46.91695022583008,33.310001373291016,0
80.69049835205078,46.91695022583008,33.310001373291016,0
80.69049835205078,46.91695022583008,33.310001373291016,0
80.69049835205078,46.91695022583008,33.310001373291016,0
80.7052001953125,46.8503303527832,33.310001373291016,0
80.7052001953125,46.8503303527832,33.310001373291016,0
80.7052001953125,46.8503303527832,33.310001373291016,0
80.7052001953125,46.8503303527832,33.310001373291016,0
80.73036193847656,46.8503303527832,33.290000915527344,0
80.73036193847656,46.8503303527832,33.290000915527344,0
80.73036193847656,46.79396438598633,33.290000915527344,0
80.73036193847656,46.79396438598633,33.290000915527344,0
80.73036193847656,46.79396438598633,33.290000915527344,0
80.74716186523438,46.79396438598633,33.290000915527344,0
80.74716186523438,46.79396438598633,33.290000915527344,0
80.74716186523438,46.79396438598633,33.290000915527344,0
80.74716186523438,46.79396438598633,33.290000915527344,0
80.74716186523438,46.79396438598633,33.290000915527344,0
80.74716186523438,46.9259147644043,33.310001373291016,0
80.74716186523438,46.9259147644043,33.310001373291016,0
80.74716186523438,46.9259147644043,33.310001373291016,0
80.74716186523438,46.9259147644043,33.310001373291016,0
80.749267578125,46.9259147644043,33.310001373291016,0
80.749267578125,46.9259147644043,33.310001373291016,0
80.749267578125,46.9259147644043,33.310001373291016,0
80.749267578125,46.82471084594727,33.310001373291016,0
80.749267578125,46.82471084594727,33.310001373291016,0
80.74952697753906,46.82471084594727,33.310001373291016,0
80.74952697753906,46.82471084594727,33.310001373291016,0
80.74952697753906,46.82471084594727,33.310001373291016,0
80.74952697753906,46.82471084594727,33.310001373291016,0
80.74955749511719,46.82471084594727,33.310001373291016,0
80.74955749511719,46.91182327270508,33.310001373291016,0
80.74955749511719,46.91182327270508,33.310001373291016,0
80.74955749511719,46.91182327270508,33.310001373291016,0
80.12456512451172,46.91182327270508,33.310001373291016,0
80.12456512451172,46.91182327270508,33.310001373291016,0
80.12456512451172,46.91182327270508,33.34999847412109,0
80.12456512451172,46.91182327270508,33.34999847412109,0
80.12456512451172,46.84008407592773,33.34999847412109,0
80.13003540039062,46.84008407592773,33.34999847412109,0
80.13003540039062,46.84008407592773,33.34999847412109,0
80.13003540039062,46.84008407592773,33.34999847412109,0
80.13003540039062,46.84008407592773,33.34999847412109,0
80.13003540039062,46.84008407592773,33.34999847412109,0
80.13003540039062,46.84008407592773,33.34999847412109,0
80.13003540039062,46.909263610839844,33.34999847412109,0
80.13003540039062,46.909263610839844,33.34999847412109,0
80.13003540039062,46.909263610839844,33.34999847412109,0
80.1439208984375,46.909263610839844,33.34999847412109,0
80.1439208984375,46.909263610839844,33.34999847412109,0
80.1439208984375,46.909263610839844,33.34999847412109,0
80.1439208984375,46.909263610839844,33.34999847412109,0
80.1439208984375,46.909263610839844,33.34999847412109,0
80.15885925292969,46.86954879760742,33.34999847412109,0
80.15885925292969,46.86954879760742,33.34999847412109,0
80.15885925292969,46.86954879760742,33.34999847412109,0
80.15885925292969,46.86954879760742,33.36999893188477,0
80.16072845458984,46.86954879760742,33.36999893188477,0
80.16072845458984,46.86954879760742,33.36999893188477,0
80.16072845458984,46.86058044433594,33.36999893188477,0
80.16072845458984,46.86058044433594,33.36999893188477,0
80.16095733642578,46.86058044433594,33.36999893188477,0
80.16095733642578,46.86058044433594,33.36999893188477,0
80.16095733642578,46.86058044433594,33.36999893188477,0
80.16095733642578,46.86058044433594,33.36999893188477,0
80.16095733642578,46.86058044433594,33.34999847412109,0
80.14635467529297,46.81958389282226,33.34999847412109,0
80.14635467529297,46.81958389282226,33.34999847412109,0
80.14635467529297,46.81958389282226,33.34999847412109,0
80.14635467529297,46.81958389282226,33.34999847412109,0
80.14635467529297,46.81958389282226,33.34999847412109,0
80.14635467529297,46.81958389282226,33.34999847412109,0
80.14635467529297,46.81958389282226,33.34999847412109,0
80.14635467529297,46.81958389282226,33.34999847412109,0
80.14635467529297,46.85673522949219,33.330001831054695,0
80.11634826660156,46.85673522949219,33.330001831054695,0
80.11634826660156,46.85673522949219,33.330001831054695,0
80.11634826660156,46.85673522949219,33.330001831054695,0
80.11634826660156,46.85673522949219,33.330001831054695,0
80.70816802978516,46.85673522949219,33.330001831054695,0
80.70816802978516,46.85673522949219,33.330001831054695,0
80.70816802978516,47.078369140625,33.330001831054695,0
80.70816802978516,47.078369140625,33.330001831054695,0
80.67611694335938,47.078369140625,33.34999847412109,0
80.67611694335938,47.078369140625,33.34999847412109,0
80.67611694335938,47.078369140625,33.34999847412109,0
80.67611694335938,47.078369140625,33.34999847412109,0
80.67611694335938,47.078369140625,33.34999847412109,0
80.64192199707031,46.86954879760742,33.34999847412109,0
80.64192199707031,46.86954879760742,33.34999847412109,0
80.64192199707031,46.86954879760742,33.34999847412109,0
80.64192199707031,46.86954879760742,33.34999847412109,0
80.64192199707031,46.86954879760742,33.34999847412109,0
79.70803833007812,46.86954879760742,33.36999893188477,0
79.70803833007812,46.86954879760742,33.36999893188477,0
79.70803833007812,46.86570358276367,33.36999893188477,0
79.70803833007812,46.86570358276367,33.36999893188477,0
79.70803833007812,46.86570358276367,33.36999893188477,0
79.70803833007812,46.86570358276367,33.36999893188477,0
79.70803833007812,46.86570358276367,33.36999893188477,0
79.70803833007812,46.86570358276367,33.36999893188477,0
79.70803833007812,46.86570358276367,33.36999893188477,0
79.70803833007812,46.86570358276367,33.36999893188477,0
79.57728576660156,46.909263610839844,33.389999389648445,0
79.57728576660156,46.909263610839844,33.389999389648445,0
79.57728576660156,46.909263610839844,33.389999389648445,0
79.57728576660156,46.909263610839844,33.389999389648445,0
79.56094360351562,46.909263610839844,33.389999389648445,0
79.56094360351562,46.909263610839844,33.389999389648445,0
79.56094360351562,46.90413665771485,33.389999389648445,0
79.56094360351562,46.90413665771485,33.389999389648445,0
79.55772399902344,46.90413665771485,33.389999389648445,0
79.55772399902344,46.90413665771485,33.36999893188477,0
79.55772399902344,46.90413665771485,33.36999893188477,0
79.55772399902344,46.90413665771485,33.36999893188477,0
79.55772399902344,46.90413665771485,33.36999893188477,0
80.05732727050781,46.90413665771485,33.36999893188477,0
80.05732727050781,46.97972106933594,33.36999893188477,0
80.05732727050781,46.97972106933594,33.36999893188477,0
80.05732727050781,46.97972106933594,33.36999893188477,0
80.06228637695312,46.97972106933594,33.36999893188477,0
80.06228637695312,46.97972106933594,33.36999893188477,0
80.06228637695312,46.97972106933594,33.389999389648445,0
80.06228637695312,46.97972106933594,33.389999389648445,0
80.06228637695312,46.91566848754883,33.389999389648445,0
80.06228637695312,46.91566848754883,33.389999389648445,0
80.06228637695312,46.91566848754883,33.389999389648445,0
80.06228637695312,46.91566848754883,33.389999389648445,0
80.06228637695312,46.91566848754883,33.389999389648445,0
80.06228637695312,46.91566848754883,33.389999389648445,0
80.06295776367188,46.91566848754883,33.389999389648445,0
80.06295776367188,47.00278091430664,33.389999389648445,0
80.06295776367188,47.00278091430664,33.36999893188477,0
80.06295776367188,47.00278091430664,33.36999893188477,0
80.06303405761719,47.00278091430664,33.36999893188477,0
80.06303405761719,47.00278091430664,33.36999893188477,0
80.06303405761719,47.00278091430664,33.36999893188477,0
80.06303405761719,47.00278091430664,33.36999893188477,0
80.06304931640625,46.99125289916992,33.36999893188477,0
80.06304931640625,46.99125289916992,33.36999893188477,0
80.06304931640625,46.99125289916992,33.36999893188477,0
80.06304931640625,46.99125289916992,33.40999984741211,0
80.06304931640625,46.99125289916992,33.40999984741211,0
80.05145263671875,46.99125289916992,33.40999984741211,0
80.05145263671875,46.99125289916992,33.40999984741211,0
80.05145263671875,47.06299591064453,33.40999984741211,0
80.05145263671875,47.06299591064453,33.40999984741211,0
80.05145263671875,47.06299591064453,33.40999984741211,0
80.03201293945312,47.06299591064453,33.40999984741211,0
80.03201293945312,47.06299591064453,33.40999984741211,0
80.03201293945312,47.06299591064453,33.40999984741211,0
80.03201293945312,47.06299591064453,33.40999984741211,0
80.03201293945312,47.06299591064453,33.40999984741211,0
80.03201293945312,46.99253463745117,33.40999984741211,0
80.03201293945312,46.99253463745117,33.40999984741211,0
80.03201293945312,46.99253463745117,33.40999984741211,0
80.03201293945312,46.99253463745117,33.40999984741211,0
78.91932678222656,46.99253463745117,33.40999984741211,0
78.91932678222656,46.99253463745117,33.40999984741211,0
78.91932678222656,47.025840759277344,33.40999984741211,0
78.91932678222656,47.025840759277344,33.40999984741211,0
78.75495147705078,47.025840759277344,33.40999984741211,0
78.75495147705078,47.025840759277344,33.40999984741211,0
78.75495147705078,47.025840759277344,33.40999984741211,0
78.75495147705078,47.025840759277344,33.40999984741211,0
78.75495147705078,47.025840759277344,33.40999984741211,0
78.71056365966797,47.025840759277344,33.40999984741211,0
78.71056365966797,47.02456283569336,33.40999984741211,0
78.71056365966797,47.02456283569336,33.40999984741211,0
78.71056365966797,47.02456283569336,33.40999984741211,0
77.7777099609375,47.02456283569336,33.450000762939446,0
77.7777099609375,47.02456283569336,33.450000762939446,0
77.7777099609375,47.02456283569336,33.450000762939446,0
77.7777099609375,47.02456283569336,33.450000762939446,0
77.7777099609375,47.07068252563477,33.450000762939446,0
75.64581298828125,47.07068252563477,33.450000762939446,0
75.64581298828125,47.07068252563477,33.450000762939446,0
75.64581298828125,47.07068252563477,33.450000762939446,0
75.64581298828125,47.07068252563477,33.450000762939446,0
75.64581298828125,47.07068252563477,33.450000762939446,0
75.64581298828125,47.07068252563477,33.43000030517578,0
75.64581298828125,47.07068252563477,33.43000030517578,0
75.64581298828125,47.10655212402344,33.43000030517578,0
77.61449432373047,47.10655212402344,33.43000030517578,0
77.61449432373047,47.10655212402344,33.43000030517578,0
77.61449432373047,47.10655212402344,33.43000030517578,0
77.61449432373047,47.10655212402344,33.43000030517578,0
77.61449432373047,47.10655212402344,33.43000030517578,0
77.11058044433594,47.120643615722656,33.43000030517578,0
77.11058044433594,47.120643615722656,33.450000762939446,0
77.11058044433594,47.120643615722656,33.450000762939446,0
77.11058044433594,47.120643615722656,33.450000762939446,0
77.11009216308594,47.120643615722656,33.450000762939446,0
77.11009216308594,47.120643615722656,33.450000762939446,0
77.11009216308594,47.120643615722656,33.450000762939446,0
77.11009216308594,47.10270690917969,33.450000762939446,0
77.11009216308594,47.10270690917969,33.450000762939446,0
77.62994384765625,47.10270690917969,33.450000762939446,0
77.62994384765625,47.10270690917969,33.450000762939446,0
77.62994384765625,47.10270690917969,33.470001220703125,0
77.62994384765625,47.10270690917969,33.470001220703125,0
77.62994384765625,47.10270690917969,33.470001220703125,0
77.64104461669922,47.10270690917969,33.470001220703125,0
77.64104461669922,47.06299591064453,33.470001220703125,0
77.64104461669922,47.06299591064453,33.470001220703125,0
77.64104461669922,47.06299591064453,33.470001220703125,0
77.64104461669922,47.06299591064453,33.470001220703125,0
77.64104461669922,47.06299591064453,33.470001220703125,0
77.64104461669922,47.06299591064453,33.470001220703125,0
77.64104461669922,47.12448501586914,33.470001220703125,0
77.6647720336914,47.12448501586914,33.470001220703125,0
77.6647720336914,47.12448501586914,33.470001220703125,0
77.6647720336914,47.12448501586914,33.470001220703125,0
77.6647720336914,47.12448501586914,33.470001220703125,0
77.6647720336914,47.12448501586914,33.470001220703125,0
77.69624328613281,47.12448501586914,33.470001220703125,0
77.69624328613281,47.12448501586914,33.470001220703125,0
77.69624328613281,47.03352737426758,33.490001678466804,0
77.69624328613281,47.03352737426758,33.490001678466804,0
77.69624328613281,47.03352737426758,33.490001678466804,0
77.73816680908203,47.03352737426758,33.490001678466804,0
77.73816680908203,47.03352737426758,33.490001678466804,0
77.73816680908203,47.03352737426758,33.490001678466804,0
77.73816680908203,47.03352737426758,33.490001678466804,0
77.77747344970703,47.02199935913086,33.490001678466804,0
77.77747344970703,47.02199935913086,33.490001678466804,0
77.77747344970703,47.02199935913086,33.490001678466804,0
77.77747344970703,47.02199935913086,33.490001678466804,0
77.77747344970703,47.02199935913086,33.490001678466804,0
77.78238677978516,47.02199935913086,33.490001678466804,0
77.78238677978516,47.02199935913086,33.490001678466804,0
77.78238677978516,47.02199935913086,33.490001678466804,0
77.78238677978516,47.14498519897461,33.490001678466804,0
77.78238677978516,47.14498519897461,33.490001678466804,0
77.78238677978516,47.14498519897461,33.490001678466804,0
77.78238677978516,47.14498519897461,33.490001678466804,0
77.78238677978516,47.14498519897461,33.490001678466804,0
77.78300476074219,47.14498519897461,33.490001678466804,0
77.78300476074219,47.28268432617188,33.490001678466804,0
77.78300476074219,47.28268432617188,33.490001678466804,0
77.78300476074219,47.28268432617188,33.490001678466804,0
77.78300476074219,47.28268432617188,33.490001678466804,0
77.7706069946289,47.28268432617188,33.490001678466804,0
77.7706069946289,47.28268432617188,33.490001678466804,0
77.7706069946289,47.28268432617188,33.490001678466804,0
77.7706069946289,47.10076904296875,33.490001678466804,0
77.7706069946289,47.10076904296875,33.549999237060554,0
77.74656677246094,47.10076904296875,33.549999237060554,0
77.74656677246094,47.10076904296875,33.549999237060554,0
77.74656677246094,47.10076904296875,33.549999237060554,0
77.74656677246094,47.10076904296875,33.549999237060554,0
77.74656677246094,47.10076904296875,33.549999237060554,0
77.74356079101562,47.10076904296875,33.549999237060554,0
77.74356079101562,47.07002258300781,33.549999237060554,0
77.74356079101562,47.07002258300781,33.549999237060554,0
77.74356079101562,47.07002258300781,33.549999237060554,0
77.74317932128906,47.07002258300781,33.529998779296875,0
77.74317932128906,47.07002258300781,33.529998779296875,0
77.74317932128906,47.07002258300781,33.529998779296875,0
77.74317932128906,46.9521598815918,33.529998779296875,0
77.74317932128906,46.9521598815918,33.529998779296875,0
77.74317932128906,46.9521598815918,33.529998779296875,0
77.74317932128906,46.9521598815918,33.529998779296875,0
77.74317932128906,46.9521598815918,33.529998779296875,0
77.74317932128906,46.9521598815918,33.529998779296875,0
78.64338684082031,46.9521598815918,33.529998779296875,0
78.64338684082031,46.9521598815918,33.529998779296875,0
78.64338684082031,46.94319534301758,33.529998779296875,0
78.64338684082031,46.94319534301758,33.529998779296875,0
78.78178405761719,46.94319534301758,33.529998779296875,0
78.78178405761719,46.94319534301758,33.529998779296875,0
78.78178405761719,46.94319534301758,33.529998779296875,0
78.78178405761719,46.94319534301758,33.529998779296875,0
78.78178405761719,46.94319534301758,33.529998779296875,0
78.83763885498047,47.04439926147461,33.529998779296875,0
78.83763885498047,47.04439926147461,33.549999237060554,0
78.83763885498047,47.04439926147461,33.549999237060554,0
78.83763885498047,47.04439926147461,33.549999237060554,0
78.83763885498047,47.04439926147461,33.549999237060554,0
79.43795013427734,47.04439926147461,33.549999237060554,0
79.43795013427734,47.04439926147461,33.549999237060554,0
79.43795013427734,47.04439926147461,33.549999237060554,0
80.07818603515625,47.09564590454102,33.549999237060554,0
80.07818603515625,47.09564590454102,33.549999237060554,0
80.07818603515625,47.09564590454102,33.549999237060554,0
80.07818603515625,47.09564590454102,33.549999237060554,0
80.07818603515625,47.09564590454102,33.549999237060554,0
80.07818603515625,47.09564590454102,33.549999237060554,0
80.07818603515625,46.96112823486328,33.549999237060554,0
80.07818603515625,46.96112823486328,33.549999237060554,0
80.07818603515625,46.96112823486328,33.549999237060554,0
80.07818603515625,46.96112823486328,33.549999237060554,0
80.19829559326172,46.96112823486328,33.549999237060554,0
80.19829559326172,46.96112823486328,33.549999237060554,0
80.19829559326172,46.96112823486328,33.56999969482422,0
80.19829559326172,47.03927612304688,33.56999969482422,0
80.19829559326172,47.03927612304688,33.56999969482422,0
80.635009765625,47.03927612304688,33.56999969482422,0
80.635009765625,47.03927612304688,33.56999969482422,0
80.635009765625,47.03927612304688,33.56999969482422,0
80.635009765625,47.03927612304688,33.56999969482422,0
81.19242095947266,47.03927612304688,33.56999969482422,0
81.19242095947266,47.03927612304688,33.56999969482422,0
81.19242095947266,47.23912811279297,33.56999969482422,0
81.19242095947266,47.23912811279297,33.56999969482422,0
81.19242095947266,47.23912811279297,33.56999969482422,0
81.26210021972656,47.23912811279297,33.56999969482422,0
81.26210021972656,47.23912811279297,33.56999969482422,0
81.26210021972656,47.23912811279297,33.56999969482422,0
81.26210021972656,47.18147659301758,33.56999969482422,0
81.27080535888672,47.18147659301758,33.56999969482422,0
81.27080535888672,47.18147659301758,33.56999969482422,0
81.27080535888672,47.18147659301758,33.59000015258789,0
81.27080535888672,47.18147659301758,33.59000015258789,0
81.27080535888672,47.18147659301758,33.59000015258789,0
81.27080535888672,47.18147659301758,33.59000015258789,0
81.27080535888672,47.18147659301758,33.59000015258789,0
81.27080535888672,47.1199836730957,33.59000015258789,0
81.27080535888672,47.1199836730957,33.59000015258789,0
81.24553680419922,47.1199836730957,33.59000015258789,0
81.24553680419922,47.1199836730957,33.59000015258789,0
81.24553680419922,47.1199836730957,33.59000015258789,0
81.24553680419922,47.1199836730957,33.59000015258789,0
81.24553680419922,47.1199836730957,33.59000015258789,0
81.24237823486328,47.11870574951172,33.59000015258789,0
81.24237823486328,47.11870574951172,33.59000015258789,0
81.24237823486328,47.11870574951172,33.59000015258789,0
81.24237823486328,47.11870574951172,33.59000015258789,0
81.24198150634766,47.11870574951172,33.59000015258789,0
81.24198150634766,47.11870574951172,33.59000015258789,0
81.24198150634766,47.11870574951172,33.59000015258789,0
81.24198150634766,47.11870574951172,33.59000015258789,0
81.25652313232422,47.21990966796875,33.59000015258789,0
81.25652313232422,47.21990966796875,33.59000015258789,0
81.25652313232422,47.21990966796875,33.59000015258789,0
81.25652313232422,47.21990966796875,33.59000015258789,0
81.25652313232422,47.21990966796875,33.59000015258789,0
81.3011474609375,47.21990966796875,33.59000015258789,0
81.3011474609375,47.149452209472656,33.59000015258789,0
81.3011474609375,47.149452209472656,33.59000015258789,0
81.3011474609375,47.149452209472656,33.59000015258789,0
81.3011474609375,47.149452209472656,33.610000610351555,0
81.3011474609375,47.149452209472656,33.610000610351555,0
81.3011474609375,47.149452209472656,33.610000610351555,0
81.3011474609375,47.149452209472656,33.610000610351555,0
81.3011474609375,47.10589218139648,33.610000610351555,0
81.3011474609375,47.10589218139648,33.610000610351555,0
81.34031677246094,47.10589218139648,33.610000610351555,0
81.34031677246094,47.10589218139648,33.610000610351555,0
81.34031677246094,47.10589218139648,33.610000610351555,0
81.34031677246094,47.10589218139648,33.610000610351555,0
81.34521484375,47.10589218139648,33.59000015258789,0
81.34521484375,47.10589218139648,33.59000015258789,0
81.34521484375,46.92782211303711,33.59000015258789,0
81.34521484375,46.92782211303711,33.59000015258789,0
81.34521484375,46.92782211303711,33.59000015258789,0
81.3458251953125,46.92782211303711,33.59000015258789,0
